{
  "Grandmaster": 1185.0872771829388,
  "Alice": 1231.0607379728083,
  "Bob": 1199.6449044973413,
  "Charlie": 1215.1061530405952,
  "Flaw-v1": 1169.1009273063164
}