{
  "attack": 1.0,
  "defense": 97.9745771180794,
  "control": 1.0,
  "tempo": 1.0355293969407335,
  "risk": 1.0
}